<?xml version="1.0"?>
<doc>
    <assembly>
        <name>Back-End</name>
    </assembly>
    <members>
        <member name="M:Back_End.Controllers.MessageController.sendMessage(System.Int32,System.Int32,System.String,System.String)">
            <summary>
            该接口接收用户ID、目标用户ID、文本内容并返回私信是否成功发送
            </summary>
            <param name="userID"></param>
            <param name="targetUserID"></param>
            <param name="image"></param>
            <param name="content"></param>
            <returns></returns>
        </member>
        <member name="M:Back_End.Controllers.MessageController.tempSaveMessage(System.Int32,System.Int32,System.DateTime)">
            <summary>
            该接口接收用户ID、目标用户ID、私信时间并返回私信是否记录
            </summary>
            <param name="userID"></param>
            <param name="targetUserID"></param>
            <param name="time"></param>
            <returns></returns>
        </member>
        <member name="M:Back_End.Controllers.MessageController.deleteMessageRecord(System.Int32,System.Int32,System.DateTime)">
            <summary>
            该接口接收用户ID、目标用户ID、私信时间并返回私信记录是否删除
            </summary>
            <returns></returns>
        </member>
        <member name="M:Back_End.Controllers.MessageController.receiveMessage(System.Int32)">
            <summary>
            该接口接收用户ID并按时间排序返回私信、私信者信息
            </summary>
            <returns></returns>
        </member>
        <member name="M:Back_End.Controllers.MessageController.retriveMessage(System.Int32,System.Int32,System.Int32)">
            <summary>
            该接口接收用户ID、目标用户ID并按照时间顺序返回私信内容、私信时间
            </summary>
            <param name="userID"></param>
            <param name="targetUserID"></param>
            <returns></returns>
        </member>
        <member name="M:Back_End.StreamHelp.StreamToFile(System.IO.Stream,System.String)">
            <summary>
            流转文件
            </summary>
            <param name="stream"></param>
            <param name="fileName"></param>
        </member>
        <member name="M:Back_End.StreamHelp.FileToStream(System.String)">
            <summary>
            文件转流
            </summary>
            <param name="fileName"></param>
            <returns></returns>
        </member>
        <member name="M:Back_End.StreamHelp.StreamToBytes(System.IO.Stream)">
            <summary>
            流转Bytes
            </summary>
            <param name="stream"></param>
            <returns></returns>
        </member>
        <member name="M:Back_End.StreamHelp.BytesToStream(System.Byte[])">
            <summary>
            Bytes转流
            </summary>
            <param name="bytes"></param>
            <returns></returns>
        </member>
    </members>
</doc>
